Code,Group Code,Group Name,Group Order,Previous Group Code
BEER_PURCHASES,PRODUCT_COST,"Food, Beverage & Supplies",10,PRODUCT_COST
DIRECT_CONSUMABLES,PRODUCT_COST,"Food, Beverage & Supplies",10,PRODUCT_COST
FOOD_PURCHASES,PRODUCT_COST,"Food, Beverage & Supplies",10,PRODUCT_COST
LIQUOR_PURCHASES,PRODUCT_COST,"Food, Beverage & Supplies",10,PRODUCT_COST
NON_ALCOHOLIC_BEVERAGES,PRODUCT_COST,"Food, Beverage & Supplies",10,PRODUCT_COST
RESTAURANT_OPERATING_SUPPLIES,PRODUCT_COST,"Food, Beverage & Supplies",10,PRODUCT_COST
TO_GO_PACKAGING,PRODUCT_COST,"Food, Beverage & Supplies",10,PRODUCT_COST
WINE_PURCHASES,PRODUCT_COST,"Food, Beverage & Supplies",10,PRODUCT_COST
BOH_CONTRACT_LABOR,PAYROLL,Payroll,20,KITCHEN_LABOR
BOH_OVERTIME,PAYROLL,Payroll,20,KITCHEN_LABOR
BOH_REGULAR_PAYROLL,PAYROLL,Payroll,20,KITCHEN_LABOR
BONUS_INCENTIVE,PAYROLL,Payroll,20,PEOPLE
EMPLOYEE_BENEFITS,PAYROLL,Payroll,20,PEOPLE
EMPLOYER_PAYROLL_TAX,PAYROLL,Payroll,20,PEOPLE
FOH_CONTRACT_LABOR,PAYROLL,Payroll,20,FOH_LABOR
FOH_OVERTIME,PAYROLL,Payroll,20,FOH_LABOR
FOH_REGULAR_PAYROLL,PAYROLL,Payroll,20,FOH_LABOR
MANAGEMENT_PAYROLL,PAYROLL,Payroll,20,PEOPLE
OTHER_PERSONNEL_COST,PAYROLL,Payroll,20,PEOPLE
RECRUITING_TRAINING,PAYROLL,Payroll,20,PEOPLE
TIPS_SETTLEMENT,PAYROLL,Payroll,20,MONEY_MOVEMENT
WORKERS_COMPENSATION,PAYROLL,Payroll,20,PEOPLE
BASE_RENT,OCCUPANCY,Rent & Occupancy,30,OCCUPANCY
CAM,OCCUPANCY,Rent & Occupancy,30,OCCUPANCY
OCCUPANCY_PROPERTY_CHARGES,OCCUPANCY,Rent & Occupancy,30,OCCUPANCY
STORAGE_RENT,OCCUPANCY,Rent & Occupancy,30,OCCUPANCY
ELECTRICITY,UTILITIES,Utilities & Communications,40,UTILITIES
MUNICIPAL_UTILITIES,UTILITIES,Utilities & Communications,40,UTILITIES
NATURAL_GAS,UTILITIES,Utilities & Communications,40,UTILITIES
PHONE_INTERNET,UTILITIES,Utilities & Communications,40,UTILITIES
WASTE_GARBAGE,UTILITIES,Utilities & Communications,40,UTILITIES
WATER_SEWER,UTILITIES,Utilities & Communications,40,UTILITIES
EQUIPMENT_REPAIR,FACILITY,"Maintenance, Repairs & Cleaning",50,FACILITY
FACILITY_MAINTENANCE,FACILITY,"Maintenance, Repairs & Cleaning",50,FACILITY
HOOD_CLEANING,FACILITY,"Maintenance, Repairs & Cleaning",50,FACILITY
JANITORIAL_CLEANING,FACILITY,"Maintenance, Repairs & Cleaning",50,FACILITY
ACCOUNTING_BOOKKEEPING,PROFESSIONAL_SERVICES,Professional Services,60,ADMINISTRATION
CONSULTING,PROFESSIONAL_SERVICES,Professional Services,60,ADMINISTRATION
CORPORATE_MANAGEMENT_FEES,PROFESSIONAL_SERVICES,Professional Services,60,ADMINISTRATION
LEGAL,PROFESSIONAL_SERVICES,Professional Services,60,ADMINISTRATION
DUES_SUBSCRIPTIONS,OFFICE_ADMIN,"Office, Software & Admin",70,ADMINISTRATION
LICENSES_PERMITS,OFFICE_ADMIN,"Office, Software & Admin",70,ADMINISTRATION
OFFICE_SUPPLIES,OFFICE_ADMIN,"Office, Software & Admin",70,ADMINISTRATION
SHIPPING_POSTAGE,OFFICE_ADMIN,"Office, Software & Admin",70,ADMINISTRATION
SOFTWARE_POS_TECHNOLOGY,OFFICE_ADMIN,"Office, Software & Admin",70,ADMINISTRATION
GENERAL_LIABILITY_INSURANCE,INSURANCE,Insurance,80,ADMINISTRATION
OTHER_BUSINESS_INSURANCE,INSURANCE,Insurance,80,ADMINISTRATION
PROPERTY_BUSINESS_INSURANCE,INSURANCE,Insurance,80,ADMINISTRATION
VEHICLE_INSURANCE,INSURANCE,Insurance,80,VEHICLE_TRAVEL
MARKETING_ADVERTISING,MARKETING,Marketing & Entertainment,90,MARKETING
MEALS_ENTERTAINMENT,MARKETING,Marketing & Entertainment,90,MARKETING
BUSINESS_TRAVEL_SCOUTING,VEHICLE_TRAVEL,Vehicles & Travel,100,MARKETING
TOLLS_PARKING,VEHICLE_TRAVEL,Vehicles & Travel,100,VEHICLE_TRAVEL
VEHICLE_FUEL,VEHICLE_TRAVEL,Vehicles & Travel,100,VEHICLE_TRAVEL
VEHICLE_LEASE,VEHICLE_TRAVEL,Vehicles & Travel,100,VEHICLE_TRAVEL
VEHICLE_REPAIRS,VEHICLE_TRAVEL,Vehicles & Travel,100,VEHICLE_TRAVEL
BANK_SERVICE_CHARGE,BANKING,"Banking, Fees & Interest",110,BANKING
FOREIGN_TRANSACTION_FEE,BANKING,"Banking, Fees & Interest",110,BANKING
INTEREST_EXPENSE,BANKING,"Banking, Fees & Interest",110,BANKING
INTEREST_INCOME,BANKING,"Banking, Fees & Interest",110,BANKING
MERCHANT_PROCESSING_FEE,BANKING,"Banking, Fees & Interest",110,BANKING
CREDIT_CARD_SETTLEMENT,TRANSFERS_CARD_PAYMENTS,Transfers & Card Payments,120,MONEY_MOVEMENT
INTERNAL_BANK_TRANSFER,TRANSFERS_CARD_PAYMENTS,Transfers & Card Payments,120,MONEY_MOVEMENT
RELATED_PARTY_TRANSFER_IN,TRANSFERS_CARD_PAYMENTS,Transfers & Card Payments,120,MONEY_MOVEMENT
RELATED_PARTY_TRANSFER_OUT,TRANSFERS_CARD_PAYMENTS,Transfers & Card Payments,120,MONEY_MOVEMENT
CASH_CHECK_DEPOSIT,DEPOSITS_SETTLEMENTS,"Deposits, Settlements & Liabilities",130,MONEY_MOVEMENT
GIFT_CARD_SETTLEMENT,DEPOSITS_SETTLEMENTS,"Deposits, Settlements & Liabilities",130,MONEY_MOVEMENT
LOAN_ADVANCE,DEPOSITS_SETTLEMENTS,"Deposits, Settlements & Liabilities",130,MONEY_MOVEMENT
MERCHANT_CARD_SETTLEMENT,DEPOSITS_SETTLEMENTS,"Deposits, Settlements & Liabilities",130,MONEY_MOVEMENT
PAYABLE_SETTLEMENT,DEPOSITS_SETTLEMENTS,"Deposits, Settlements & Liabilities",130,MONEY_MOVEMENT
SALES_TAX_REMITTANCE,DEPOSITS_SETTLEMENTS,"Deposits, Settlements & Liabilities",130,MONEY_MOVEMENT
MEMBER_CONTRIBUTION,OWNER_PERSONAL,Owner,140,MONEY_MOVEMENT
MEMBER_DRAW,OWNER_PERSONAL,Owner,140,OWNER_PERSONAL
OWNER_PERSONAL_FOOD,OWNER_PERSONAL,Owner,140,OWNER_PERSONAL
OWNER_PERSONAL_HEALTH,OWNER_PERSONAL,Owner,140,OWNER_PERSONAL
OWNER_PERSONAL_HOME,OWNER_PERSONAL,Owner,140,OWNER_PERSONAL
OWNER_PERSONAL_OTHER,OWNER_PERSONAL,Owner,140,OWNER_PERSONAL
OWNER_PERSONAL_RESTAURANT,OWNER_PERSONAL,Owner,140,OWNER_PERSONAL
OWNER_PERSONAL_TAX,OWNER_PERSONAL,Owner,140,OWNER_PERSONAL
EQUIPMENT_PURCHASE_CAPEX,CAPITAL_PROJECTS,Capital Purchases,150,CAPITAL_PROJECTS
LEASEHOLD_IMPROVEMENT,CAPITAL_PROJECTS,Capital Purchases,150,CAPITAL_PROJECTS
