Group Code,Group Name,Group Order,Code,Name,Account Code
PRODUCT_COST,"Food, Beverage & Supplies",10,BEER_PURCHASES,Beer Purchases,5220
PRODUCT_COST,"Food, Beverage & Supplies",10,DIRECT_CONSUMABLES,Direct Restaurant Consumables,5400
PRODUCT_COST,"Food, Beverage & Supplies",10,FOOD_PURCHASES,Food Purchases,5100
PRODUCT_COST,"Food, Beverage & Supplies",10,LIQUOR_PURCHASES,Liquor / Cocktail Product Purchases,5240
PRODUCT_COST,"Food, Beverage & Supplies",10,NON_ALCOHOLIC_BEVERAGES,Non-Alcoholic Beverage Purchases,5210
PRODUCT_COST,"Food, Beverage & Supplies",10,TO_GO_PACKAGING,Packaging / To-Go Consumables,5300
PRODUCT_COST,"Food, Beverage & Supplies",10,RESTAURANT_OPERATING_SUPPLIES,Restaurant Operating Supplies,7830
PRODUCT_COST,"Food, Beverage & Supplies",10,WINE_PURCHASES,Wine Purchases,5230
PAYROLL,Payroll,20,BONUS_INCENTIVE,Bonus / Incentive,6400
PAYROLL,Payroll,20,EMPLOYEE_BENEFITS,Employee Benefits,6600
PAYROLL,Payroll,20,EMPLOYER_PAYROLL_TAX,Employer Payroll Tax,6500
PAYROLL,Payroll,20,BOH_CONTRACT_LABOR,Kitchen / BOH Contract / 1099 Labor,6800
PAYROLL,Payroll,20,BOH_OVERTIME,Kitchen / BOH Overtime,6220
PAYROLL,Payroll,20,BOH_REGULAR_PAYROLL,Kitchen / BOH Regular Payroll,6210
PAYROLL,Payroll,20,MANAGEMENT_PAYROLL,Management Payroll,6310
PAYROLL,Payroll,20,OTHER_PERSONNEL_COST,Other Personnel Cost,6900
PAYROLL,Payroll,20,RECRUITING_TRAINING,Recruiting / Training,7860
PAYROLL,Payroll,20,FOH_CONTRACT_LABOR,Serving / FOH Contract / 1099 Labor,6800
PAYROLL,Payroll,20,FOH_OVERTIME,Serving / FOH Overtime,6120
PAYROLL,Payroll,20,FOH_REGULAR_PAYROLL,Serving / FOH Regular Payroll,6110
PAYROLL,Payroll,20,TIPS_SETTLEMENT,Tips Distribution / Settlement,2300
PAYROLL,Payroll,20,WORKERS_COMPENSATION,Workers Compensation,6700
OCCUPANCY,Rent & Occupancy,30,CAM,CAM / Common Area Charges,7120
OCCUPANCY,Rent & Occupancy,30,OCCUPANCY_PROPERTY_CHARGES,Occupancy / Property Charges,7130
OCCUPANCY,Rent & Occupancy,30,BASE_RENT,Restaurant Base Rent,7110
OCCUPANCY,Rent & Occupancy,30,STORAGE_RENT,Storage Rent,7110
UTILITIES,Utilities & Communications,40,ELECTRICITY,Electricity,7410
UTILITIES,Utilities & Communications,40,MUNICIPAL_UTILITIES,Municipal Utilities,7460
UTILITIES,Utilities & Communications,40,NATURAL_GAS,Natural Gas,7430
UTILITIES,Utilities & Communications,40,PHONE_INTERNET,Telephone / Internet / Communications,7450
UTILITIES,Utilities & Communications,40,WASTE_GARBAGE,Waste / Garbage,7440
UTILITIES,Utilities & Communications,40,WATER_SEWER,Water / Sewer,7420
FACILITY,"Maintenance, Repairs & Cleaning",50,FACILITY_MAINTENANCE,Building / Facility Maintenance,7320
FACILITY,"Maintenance, Repairs & Cleaning",50,EQUIPMENT_REPAIR,Equipment Repair / Maintenance,7310
FACILITY,"Maintenance, Repairs & Cleaning",50,HOOD_CLEANING,Hood / Exhaust Cleaning,7810
FACILITY,"Maintenance, Repairs & Cleaning",50,JANITORIAL_CLEANING,Janitorial / Cleaning,7810
PROFESSIONAL_SERVICES,Professional Services,60,ACCOUNTING_BOOKKEEPING,Accounting / Bookkeeping,7610
PROFESSIONAL_SERVICES,Professional Services,60,CONSULTING,Consulting / Professional Services,7630
PROFESSIONAL_SERVICES,Professional Services,60,CORPORATE_MANAGEMENT_FEES,Corporate / Management Fees,7640
PROFESSIONAL_SERVICES,Professional Services,60,LEGAL,Legal Fees,7620
OFFICE_ADMIN,"Office, Software & Admin",70,DUES_SUBSCRIPTIONS,Dues / Subscriptions,7840
OFFICE_ADMIN,"Office, Software & Admin",70,LICENSES_PERMITS,Licenses / Permits,7740
OFFICE_ADMIN,"Office, Software & Admin",70,OFFICE_SUPPLIES,Office Supplies,7820
OFFICE_ADMIN,"Office, Software & Admin",70,SHIPPING_POSTAGE,Shipping / Postage,7870
OFFICE_ADMIN,"Office, Software & Admin",70,SOFTWARE_POS_TECHNOLOGY,Software / POS / Technology,7850
INSURANCE,Insurance,80,GENERAL_LIABILITY_INSURANCE,General Liability Insurance,7710
INSURANCE,Insurance,80,OTHER_BUSINESS_INSURANCE,Other Business Insurance,7750
INSURANCE,Insurance,80,PROPERTY_BUSINESS_INSURANCE,Property / Business Insurance,7720
INSURANCE,Insurance,80,VEHICLE_INSURANCE,Vehicle Insurance,7730
MARKETING,Marketing & Entertainment,90,MARKETING_ADVERTISING,Marketing / Advertising,7500
MARKETING,Marketing & Entertainment,90,MEALS_ENTERTAINMENT,Meals / Entertainment,7950
VEHICLE_TRAVEL,Vehicles & Travel,100,BUSINESS_TRAVEL_SCOUTING,Business Travel / Scouting,7940
VEHICLE_TRAVEL,Vehicles & Travel,100,TOLLS_PARKING,Tolls / Parking,7960
VEHICLE_TRAVEL,Vehicles & Travel,100,VEHICLE_FUEL,Vehicle Fuel,7920
VEHICLE_TRAVEL,Vehicles & Travel,100,VEHICLE_LEASE,Vehicle Lease,7910
VEHICLE_TRAVEL,Vehicles & Travel,100,VEHICLE_REPAIRS,Vehicle Repairs / Operating Expense,7930
BANKING,"Banking, Fees & Interest",110,INTEREST_INCOME,Bank Interest Income,8100
BANKING,"Banking, Fees & Interest",110,BANK_SERVICE_CHARGE,Bank Service Charge,7220
BANKING,"Banking, Fees & Interest",110,FOREIGN_TRANSACTION_FEE,Foreign Transaction Fee,7230
BANKING,"Banking, Fees & Interest",110,INTEREST_EXPENSE,Interest Expense,8200
BANKING,"Banking, Fees & Interest",110,MERCHANT_PROCESSING_FEE,Merchant / Card Processing Fee,7210
TRANSFERS_CARD_PAYMENTS,Transfers & Card Payments,120,CREDIT_CARD_SETTLEMENT,Credit Card Statement Payment,2500
TRANSFERS_CARD_PAYMENTS,Transfers & Card Payments,120,INTERNAL_BANK_TRANSFER,Internal Bank Transfer,1110
TRANSFERS_CARD_PAYMENTS,Transfers & Card Payments,120,RELATED_PARTY_TRANSFER_IN,Transfer From Related Party,2710
TRANSFERS_CARD_PAYMENTS,Transfers & Card Payments,120,RELATED_PARTY_TRANSFER_OUT,Transfer To Related Party,1610
DEPOSITS_SETTLEMENTS,"Deposits, Settlements & Liabilities",130,PAYABLE_SETTLEMENT,Accounts Payable Settlement,2100
DEPOSITS_SETTLEMENTS,"Deposits, Settlements & Liabilities",130,CASH_CHECK_DEPOSIT,Cash / Check Deposit,1130
DEPOSITS_SETTLEMENTS,"Deposits, Settlements & Liabilities",130,GIFT_CARD_SETTLEMENT,Gift Card Sales Settlement,2800
DEPOSITS_SETTLEMENTS,"Deposits, Settlements & Liabilities",130,LOAN_ADVANCE,Loan Advance / Principal Received,2600
DEPOSITS_SETTLEMENTS,"Deposits, Settlements & Liabilities",130,MERCHANT_CARD_SETTLEMENT,Merchant / Card Sales Settlement,1210
DEPOSITS_SETTLEMENTS,"Deposits, Settlements & Liabilities",130,SALES_TAX_REMITTANCE,Sales Tax Remittance,2200
OWNER_PERSONAL,Owner,140,MEMBER_CONTRIBUTION,Member / Owner Contribution,3300
OWNER_PERSONAL,Owner,140,MEMBER_DRAW,Member / Owner Draw,3400
OWNER_PERSONAL,Owner,140,OWNER_PERSONAL_FOOD,Owner Personal — Food,3400
OWNER_PERSONAL,Owner,140,OWNER_PERSONAL_HEALTH,Owner Personal — Health,3400
OWNER_PERSONAL,Owner,140,OWNER_PERSONAL_HOME,Owner Personal — Home,3400
OWNER_PERSONAL,Owner,140,OWNER_PERSONAL_OTHER,Owner Personal — Other,3400
OWNER_PERSONAL,Owner,140,OWNER_PERSONAL_RESTAURANT,Owner Personal — Restaurant,3400
OWNER_PERSONAL,Owner,140,OWNER_PERSONAL_TAX,Owner Personal — Tax,3400
CAPITAL_PROJECTS,Capital Purchases,150,EQUIPMENT_PURCHASE_CAPEX,Equipment / Appliance Purchase — Capital,1520
CAPITAL_PROJECTS,Capital Purchases,150,LEASEHOLD_IMPROVEMENT,Leasehold Improvement / Remodeling — Capital,1530
